id,source_id,name,entry_level,entry_kind,route,data_endpoint,metadata_endpoint,time_index,time_grain,primary_keys,join_keys,field_schema,agent_use_cases
eia-aeo-2014-er,eia-open-data,EIA Annual Energy Outlook 2014 Early Release,dataset,panel,/aeo/2014-er,/aeo/2014-er/data,/aeo/2014-er,period,annual,EIA_ROUTE_PERIOD_HISTORY_SCENARIO_TABLEID_SERIESID_REGIONID,DATE,catalog/eia-open-data/schemas/aeo-2014-er.schema.yaml,
eia-aeo-2014,eia-open-data,EIA Annual Energy Outlook 2014,dataset,panel,/aeo/2014,/aeo/2014/data,/aeo/2014,period,annual,EIA_ROUTE_PERIOD_HISTORY_SCENARIO_TABLEID_SERIESID_REGIONID,DATE,catalog/eia-open-data/schemas/aeo-2014.schema.yaml,
eia-aeo-2015,eia-open-data,EIA Annual Energy Outlook 2015,dataset,panel,/aeo/2015,/aeo/2015/data,/aeo/2015,period,annual,EIA_ROUTE_PERIOD_HISTORY_SCENARIO_TABLEID_SERIESID_REGIONID,DATE,catalog/eia-open-data/schemas/aeo-2015.schema.yaml,
eia-aeo-2016,eia-open-data,EIA Annual Energy Outlook 2016,dataset,panel,/aeo/2016,/aeo/2016/data,/aeo/2016,period,annual,EIA_ROUTE_PERIOD_HISTORY_SCENARIO_TABLEID_SERIESID_REGIONID,DATE,catalog/eia-open-data/schemas/aeo-2016.schema.yaml,
eia-aeo-2017,eia-open-data,EIA Annual Energy Outlook 2017,dataset,panel,/aeo/2017,/aeo/2017/data,/aeo/2017,period,annual,EIA_ROUTE_PERIOD_HISTORY_SCENARIO_TABLEID_SERIESID_REGIONID,DATE,catalog/eia-open-data/schemas/aeo-2017.schema.yaml,
eia-aeo-2018,eia-open-data,EIA Annual Energy Outlook 2018,dataset,panel,/aeo/2018,/aeo/2018/data,/aeo/2018,period,annual,EIA_ROUTE_PERIOD_HISTORY_SCENARIO_TABLEID_SERIESID_REGIONID,DATE,catalog/eia-open-data/schemas/aeo-2018.schema.yaml,
eia-aeo-2019,eia-open-data,EIA Annual Energy Outlook 2019,dataset,panel,/aeo/2019,/aeo/2019/data,/aeo/2019,period,annual,EIA_ROUTE_PERIOD_HISTORY_SCENARIO_TABLEID_SERIESID_REGIONID,DATE,catalog/eia-open-data/schemas/aeo-2019.schema.yaml,
eia-aeo-2020,eia-open-data,EIA Annual Energy Outlook 2020,dataset,panel,/aeo/2020,/aeo/2020/data,/aeo/2020,period,annual,EIA_ROUTE_PERIOD_HISTORY_SCENARIO_TABLEID_SERIESID_REGIONID,DATE,catalog/eia-open-data/schemas/aeo-2020.schema.yaml,
eia-aeo-2021,eia-open-data,EIA Annual Energy Outlook 2021,dataset,panel,/aeo/2021,/aeo/2021/data,/aeo/2021,period,annual,EIA_ROUTE_PERIOD_HISTORY_SCENARIO_TABLEID_SERIESID_REGIONID,DATE,catalog/eia-open-data/schemas/aeo-2021.schema.yaml,
eia-aeo-2022,eia-open-data,EIA Annual Energy Outlook 2022,dataset,panel,/aeo/2022,/aeo/2022/data,/aeo/2022,period,annual,EIA_ROUTE_PERIOD_HISTORY_SCENARIO_TABLEID_SERIESID_REGIONID,DATE,catalog/eia-open-data/schemas/aeo-2022.schema.yaml,
eia-aeo-2023,eia-open-data,EIA Annual Energy Outlook 2023,dataset,panel,/aeo/2023,/aeo/2023/data,/aeo/2023,period,annual,EIA_ROUTE_PERIOD_HISTORY_SCENARIO_TABLEID_SERIESID_REGIONID,DATE,catalog/eia-open-data/schemas/aeo-2023.schema.yaml,
eia-aeo-2025,eia-open-data,EIA Annual Energy Outlook 2025,dataset,panel,/aeo/2025,/aeo/2025/data,/aeo/2025,period,annual,EIA_ROUTE_PERIOD_HISTORY_SCENARIO_TABLEID_SERIESID_REGIONID,DATE,catalog/eia-open-data/schemas/aeo-2025.schema.yaml,
eia-aeo-2026,eia-open-data,EIA Annual Energy Outlook 2026,dataset,panel,/aeo/2026,/aeo/2026/data,/aeo/2026,period,annual,EIA_ROUTE_PERIOD_HISTORY_SCENARIO_TABLEID_SERIESID_REGIONID,DATE,catalog/eia-open-data/schemas/aeo-2026.schema.yaml,
eia-co2-emissions-co2-emissions-aggregates,eia-open-data,EIA Total CO2 Emissions by Sector and Fuel - deprecated: see SEDS,dataset,panel,/co2-emissions/co2-emissions-aggregates,/co2-emissions/co2-emissions-aggregates/data,/co2-emissions/co2-emissions-aggregates,period,annual,EIA_ROUTE_PERIOD_SECTORID_FUELID_STATEID,DATE,catalog/eia-open-data/schemas/co2-emissions-co2-emissions-aggregates.schema.yaml,
eia-co2-emissions-co2-emissions-and-carbon-coefficients,eia-open-data,EIA CO2 Emissions and Carbon Coefficients by Product - deprecated: see SEDS,dataset,panel,/co2-emissions/co2-emissions-and-carbon-coefficients,/co2-emissions/co2-emissions-and-carbon-coefficients/data,/co2-emissions/co2-emissions-and-carbon-coefficients,period,annual,EIA_ROUTE_PERIOD_SERIESID_SECTORID_FUELID_STATEID,DATE,catalog/eia-open-data/schemas/co2-emissions-co2-emissions-and-carbon-coefficients.schema.yaml,
eia-coal-aggregate-production,eia-open-data,EIA Aggregate Production,dataset,panel,/coal/aggregate-production,/coal/aggregate-production/data,/coal/aggregate-production,period,annual,EIA_ROUTE_PERIOD_STATEREGIONID_COALRANKID_MINETYPEID,DATE,catalog/eia-open-data/schemas/coal-aggregate-production.schema.yaml,
eia-coal-consumption-and-quality,eia-open-data,EIA Consumption and Quality,dataset,panel,/coal/consumption-and-quality,/coal/consumption-and-quality/data,/coal/consumption-and-quality,period,quarterly; annual,EIA_ROUTE_PERIOD_LOCATION_SECTOR,DATE,catalog/eia-open-data/schemas/coal-consumption-and-quality.schema.yaml,
eia-coal-exports-imports-quantity-price,eia-open-data,EIA Exports\Imports Quantity\Price,dataset,panel,/coal/exports-imports-quantity-price,/coal/exports-imports-quantity-price/data,/coal/exports-imports-quantity-price,period,quarterly; annual,EIA_ROUTE_PERIOD_EXPORTIMPORTTYPE_COALRANKID_COUNTRYID_CUSTOMSDISTRICTID,DATE,catalog/eia-open-data/schemas/coal-exports-imports-quantity-price.schema.yaml,
eia-coal-market-sales-price,eia-open-data,EIA Market Sales Price,dataset,panel,/coal/market-sales-price,/coal/market-sales-price/data,/coal/market-sales-price,period,annual,EIA_ROUTE_PERIOD_STATEREGIONID_MARKETTYPEID,DATE,catalog/eia-open-data/schemas/coal-market-sales-price.schema.yaml,
eia-coal-mine-production,eia-open-data,EIA Mine Production,dataset,panel,/coal/mine-production,/coal/mine-production/data,/coal/mine-production,period,annual,EIA_ROUTE_PERIOD_MINEMSHAID_STATEID_REGIONID_SUPPLYREGIONID_CENSUSREGIONID_MI,DATE,catalog/eia-open-data/schemas/coal-mine-production.schema.yaml,
eia-coal-price-by-rank,eia-open-data,EIA Price by Rank,dataset,panel,/coal/price-by-rank,/coal/price-by-rank/data,/coal/price-by-rank,period,annual,EIA_ROUTE_PERIOD_STATEREGIONID_COALRANKID,DATE,catalog/eia-open-data/schemas/coal-price-by-rank.schema.yaml,
eia-coal-reserves-capacity,eia-open-data,EIA Reserves Capacity,dataset,panel,/coal/reserves-capacity,/coal/reserves-capacity/data,/coal/reserves-capacity,period,annual,EIA_ROUTE_PERIOD_STATEID_MINETYPEID,DATE,catalog/eia-open-data/schemas/coal-reserves-capacity.schema.yaml,
eia-coal-shipments-by-mine-by-plant,eia-open-data,"EIA By Mine, By Plant",dataset,panel,/coal/shipments/by-mine-by-plant,/coal/shipments/by-mine-by-plant/data,/coal/shipments/by-mine-by-plant,period,quarterly; annual,EIA_ROUTE_PERIOD_MINESTATEID_MINEMSHAID_COALSUPPLIER_PLANTSTATEID_PLANTID_COA,DATE,catalog/eia-open-data/schemas/coal-shipments-by-mine-by-plant.schema.yaml,
eia-coal-shipments-mine-aggregates,eia-open-data,EIA Mine Aggregates,dataset,panel,/coal/shipments/mine-aggregates,/coal/shipments/mine-aggregates/data,/coal/shipments/mine-aggregates,period,quarterly; annual,EIA_ROUTE_PERIOD_MINESTATEID_MINEMSHAID_COALRANKID,DATE,catalog/eia-open-data/schemas/coal-shipments-mine-aggregates.schema.yaml,
eia-coal-shipments-mine-state-aggregates,eia-open-data,EIA Mine State Aggregates,dataset,panel,/coal/shipments/mine-state-aggregates,/coal/shipments/mine-state-aggregates/data,/coal/shipments/mine-state-aggregates,period,quarterly; annual,EIA_ROUTE_PERIOD_MINESTATEID_COALRANKID,DATE,catalog/eia-open-data/schemas/coal-shipments-mine-state-aggregates.schema.yaml,
eia-coal-shipments-plant-aggregates,eia-open-data,EIA Plant Aggregates,dataset,panel,/coal/shipments/plant-aggregates,/coal/shipments/plant-aggregates/data,/coal/shipments/plant-aggregates,period,quarterly; annual,EIA_ROUTE_PERIOD_LOCATION_PLANT_RANK,DATE,catalog/eia-open-data/schemas/coal-shipments-plant-aggregates.schema.yaml,
eia-coal-shipments-plant-state-aggregates,eia-open-data,EIA Plant State Aggregates,dataset,panel,/coal/shipments/plant-state-aggregates,/coal/shipments/plant-state-aggregates/data,/coal/shipments/plant-state-aggregates,period,quarterly; annual,EIA_ROUTE_PERIOD_PLANTSTATEID_COALRANKID,DATE,catalog/eia-open-data/schemas/coal-shipments-plant-state-aggregates.schema.yaml,
eia-coal-shipments-receipts,eia-open-data,EIA Receipts,dataset,panel,/coal/shipments/receipts,/coal/shipments/receipts/data,/coal/shipments/receipts,period,quarterly; annual,EIA_ROUTE_PERIOD_PLANTSTATEID_MINESTATEID_MINETYPEID_MINEMSHAID_MINEBASINID_M,DATE,catalog/eia-open-data/schemas/coal-shipments-receipts.schema.yaml,
eia-crude-oil-imports,eia-open-data,EIA Crude Oil Imports,dataset,panel,/crude-oil-imports,/crude-oil-imports/data,/crude-oil-imports,period,monthly; annual,EIA_ROUTE_PERIOD_ORIGINID_ORIGINTYPE_DESTINATIONID_DESTINATIONTYPE_GRADEID,DATE,catalog/eia-open-data/schemas/crude-oil-imports.schema.yaml,
eia-densified-biomass-capacity-by-region,eia-open-data,EIA Capacity by Region,dataset,time-series,/densified-biomass/capacity-by-region,/densified-biomass/capacity-by-region/data,/densified-biomass/capacity-by-region,period,monthly,EIA_ROUTE_PERIOD_REGION,DATE,catalog/eia-open-data/schemas/densified-biomass-capacity-by-region.schema.yaml,
eia-densified-biomass-characteristics-by-region,eia-open-data,EIA Characteristics by Region,dataset,panel,/densified-biomass/characteristics-by-region,/densified-biomass/characteristics-by-region/data,/densified-biomass/characteristics-by-region,period,monthly,EIA_ROUTE_PERIOD_FUELTYPEID_REGION,DATE,catalog/eia-open-data/schemas/densified-biomass-characteristics-by-region.schema.yaml,
eia-densified-biomass-feedstocks-and-cost,eia-open-data,EIA Feedstocks and Costs,dataset,time-series,/densified-biomass/feedstocks-and-cost,/densified-biomass/feedstocks-and-cost/data,/densified-biomass/feedstocks-and-cost,period,monthly,EIA_ROUTE_PERIOD_FUELTYPEID,DATE,catalog/eia-open-data/schemas/densified-biomass-feedstocks-and-cost.schema.yaml,
eia-densified-biomass-inventories-by-region,eia-open-data,EIA Inventories by Region,dataset,panel,/densified-biomass/inventories-by-region,/densified-biomass/inventories-by-region/data,/densified-biomass/inventories-by-region,period,monthly,EIA_ROUTE_PERIOD_FUELTYPEID_REGION,DATE,catalog/eia-open-data/schemas/densified-biomass-inventories-by-region.schema.yaml,
eia-densified-biomass-production-by-region,eia-open-data,EIA Production by Region,dataset,panel,/densified-biomass/production-by-region,/densified-biomass/production-by-region/data,/densified-biomass/production-by-region,period,monthly,EIA_ROUTE_PERIOD_FUELTYPEID_REGION,DATE,catalog/eia-open-data/schemas/densified-biomass-production-by-region.schema.yaml,
eia-densified-biomass-sales-and-price-by-region,eia-open-data,EIA Sales and Price by Region,dataset,time-series,/densified-biomass/sales-and-price-by-region,/densified-biomass/sales-and-price-by-region/data,/densified-biomass/sales-and-price-by-region,period,monthly,EIA_ROUTE_PERIOD_REGION,DATE,catalog/eia-open-data/schemas/densified-biomass-sales-and-price-by-region.schema.yaml,
eia-densified-biomass-wood-pellet-plants,eia-open-data,EIA Wood Pellet Plant Capacity,dataset,panel,/densified-biomass/wood-pellet-plants,/densified-biomass/wood-pellet-plants/data,/densified-biomass/wood-pellet-plants,period,annual,EIA_ROUTE_PERIOD_REGION_RESPONDENT_STATEID_STATUS,DATE,catalog/eia-open-data/schemas/densified-biomass-wood-pellet-plants.schema.yaml,
eia-electricity-electric-power-operational-data,eia-open-data,EIA Electric Power Operations (Annual and Monthly),dataset,panel,/electricity/electric-power-operational-data,/electricity/electric-power-operational-data/data,/electricity/electric-power-operational-data,period,monthly; quarterly; annual,EIA_ROUTE_PERIOD_LOCATION_SECTORID_FUELTYPEID,DATE,catalog/eia-open-data/schemas/electricity-electric-power-operational-data.schema.yaml,
eia-electricity-facility-fuel,eia-open-data,EIA Electric Power Operations for Individual Power Plants (Annual and Monthly),dataset,panel,/electricity/facility-fuel,/electricity/facility-fuel/data,/electricity/facility-fuel,period,monthly; quarterly; annual,EIA_ROUTE_PERIOD_PLANTCODE_FUEL2002_STATE_PRIMEMOVER,DATE,catalog/eia-open-data/schemas/electricity-facility-fuel.schema.yaml,
eia-electricity-operating-generator-capacity,eia-open-data,EIA Inventory of Operable Generators,dataset,panel,/electricity/operating-generator-capacity,/electricity/operating-generator-capacity/data,/electricity/operating-generator-capacity,period,monthly,EIA_ROUTE_PERIOD_STATEID_SECTOR_ENTITYID_PLANTID_GENERATORID_UNIT_TECHNOLOGY_,DATE; US_STATE_CODE,catalog/eia-open-data/schemas/electricity-operating-generator-capacity.schema.yaml,
eia-electricity-retail-sales,eia-open-data,EIA Electricity Retail Sales,dataset,panel,/electricity/retail-sales,/electricity/retail-sales/data,/electricity/retail-sales,period,monthly; quarterly; annual,EIA_ROUTE_PERIOD_STATE_SECTOR,DATE; US_STATE_CODE,catalog/eia-open-data/schemas/electricity-retail-sales.schema.yaml,electricity price time series; residential/commercial/industrial demand monitoring; state-level energy cost comparison; utility revenue tracking
eia-electricity-rto-daily-fuel-type-data,eia-open-data,EIA Daily Generation by Energy Source,dataset,panel,/electricity/rto/daily-fuel-type-data,/electricity/rto/daily-fuel-type-data/data,/electricity/rto/daily-fuel-type-data,period,daily,EIA_ROUTE_PERIOD_RESPONDENT_FUELTYPE_TIMEZONE,DATE,catalog/eia-open-data/schemas/electricity-rto-daily-fuel-type-data.schema.yaml,
eia-electricity-rto-daily-interchange-data,eia-open-data,EIA Daily Interchange by Neighboring Balancing Authority,dataset,panel,/electricity/rto/daily-interchange-data,/electricity/rto/daily-interchange-data/data,/electricity/rto/daily-interchange-data,period,daily,EIA_ROUTE_PERIOD_FROMBA_TOBA_TIMEZONE,DATE,catalog/eia-open-data/schemas/electricity-rto-daily-interchange-data.schema.yaml,
eia-electricity-rto-daily-region-data,eia-open-data,"EIA Daily Demand, Demand Forecast, Generation, and Interchange",dataset,panel,/electricity/rto/daily-region-data,/electricity/rto/daily-region-data/data,/electricity/rto/daily-region-data,period,daily,EIA_ROUTE_PERIOD_RESPONDENT_TYPE_TIMEZONE,DATE,catalog/eia-open-data/schemas/electricity-rto-daily-region-data.schema.yaml,
eia-electricity-rto-daily-region-sub-ba-data,eia-open-data,EIA Daily Demand by Subregion,dataset,panel,/electricity/rto/daily-region-sub-ba-data,/electricity/rto/daily-region-sub-ba-data/data,/electricity/rto/daily-region-sub-ba-data,period,daily,EIA_ROUTE_PERIOD_SUBBA_PARENT_TIMEZONE,DATE,catalog/eia-open-data/schemas/electricity-rto-daily-region-sub-ba-data.schema.yaml,
eia-electricity-rto-fuel-type-data,eia-open-data,EIA Hourly Generation by Energy Source,dataset,panel,/electricity/rto/fuel-type-data,/electricity/rto/fuel-type-data/data,/electricity/rto/fuel-type-data,period,hourly,EIA_ROUTE_PERIOD_RESPONDENT_FUELTYPE,DATE,catalog/eia-open-data/schemas/electricity-rto-fuel-type-data.schema.yaml,
eia-electricity-rto-interchange-data,eia-open-data,EIA Hourly Interchange by Neighboring Balancing Authority,dataset,panel,/electricity/rto/interchange-data,/electricity/rto/interchange-data/data,/electricity/rto/interchange-data,period,hourly,EIA_ROUTE_PERIOD_FROMBA_TOBA,DATE,catalog/eia-open-data/schemas/electricity-rto-interchange-data.schema.yaml,
eia-electricity-rto-region-data,eia-open-data,"EIA Hourly Demand, Demand Forecast, Generation, and Interchange",dataset,panel,/electricity/rto/region-data,/electricity/rto/region-data/data,/electricity/rto/region-data,period,hourly,EIA_ROUTE_PERIOD_RESPONDENT_TYPE,DATE,catalog/eia-open-data/schemas/electricity-rto-region-data.schema.yaml,
eia-electricity-rto-region-sub-ba-data,eia-open-data,EIA Hourly Demand by Subregion,dataset,panel,/electricity/rto/region-sub-ba-data,/electricity/rto/region-sub-ba-data/data,/electricity/rto/region-sub-ba-data,period,hourly,EIA_ROUTE_PERIOD_SUBBA_PARENT,DATE,catalog/eia-open-data/schemas/electricity-rto-region-sub-ba-data.schema.yaml,
eia-electricity-state-electricity-profiles-capability,eia-open-data,EIA Generating Capacity,dataset,panel,/electricity/state-electricity-profiles/capability,/electricity/state-electricity-profiles/capability/data,/electricity/state-electricity-profiles/capability,period,annual,EIA_ROUTE_PERIOD_STATEID_PRODUCERTYPEID_ENERGYSOURCEID,DATE,catalog/eia-open-data/schemas/electricity-state-electricity-profiles-capability.schema.yaml,
eia-electricity-state-electricity-profiles-emissions-by-state-by-fuel,eia-open-data,EIA Emissions from Energy Consumption at Conventional Power Plants and Combined-Heat-and-Power Plants,dataset,panel,/electricity/state-electricity-profiles/emissions-by-state-by-fuel,/electricity/state-electricity-profiles/emissions-by-state-by-fuel/data,/electricity/state-electricity-profiles/emissions-by-state-by-fuel,period,annual,EIA_ROUTE_PERIOD_STATEID_FUELID,DATE; US_STATE_CODE,catalog/eia-open-data/schemas/electricity-state-electricity-profiles-emissions-by-state-by-fuel.schema.yaml,
eia-electricity-state-electricity-profiles-energy-efficiency,eia-open-data,EIA Costs and Savings from Energy Efficiency Programs,dataset,panel,/electricity/state-electricity-profiles/energy-efficiency,/electricity/state-electricity-profiles/energy-efficiency/data,/electricity/state-electricity-profiles/energy-efficiency,period,annual,EIA_ROUTE_PERIOD_STATE_TIMEPERIOD_SECTOR,DATE,catalog/eia-open-data/schemas/electricity-state-electricity-profiles-energy-efficiency.schema.yaml,
eia-electricity-state-electricity-profiles-meters,eia-open-data,EIA Advanced Metering Infrastructure,dataset,panel,/electricity/state-electricity-profiles/meters,/electricity/state-electricity-profiles/meters/data,/electricity/state-electricity-profiles/meters,period,annual,EIA_ROUTE_PERIOD_STATE_TECHNOLOGY_SECTOR,DATE,catalog/eia-open-data/schemas/electricity-state-electricity-profiles-meters.schema.yaml,
eia-electricity-state-electricity-profiles-net-metering,eia-open-data,EIA Electricity Net Metering: Customers and Capacity,dataset,panel,/electricity/state-electricity-profiles/net-metering,/electricity/state-electricity-profiles/net-metering/data,/electricity/state-electricity-profiles/net-metering,period,annual,EIA_ROUTE_PERIOD_STATE_TECHNOLOGY_SECTOR,DATE,catalog/eia-open-data/schemas/electricity-state-electricity-profiles-net-metering.schema.yaml,
eia-electricity-state-electricity-profiles-source-disposition,eia-open-data,EIA Supply and disposition of electricity,dataset,time-series,/electricity/state-electricity-profiles/source-disposition,/electricity/state-electricity-profiles/source-disposition/data,/electricity/state-electricity-profiles/source-disposition,period,annual,EIA_ROUTE_PERIOD_STATE,DATE,catalog/eia-open-data/schemas/electricity-state-electricity-profiles-source-disposition.schema.yaml,
eia-electricity-state-electricity-profiles-summary,eia-open-data,EIA State Rankings for Key Statistics,dataset,time-series,/electricity/state-electricity-profiles/summary,/electricity/state-electricity-profiles/summary/data,/electricity/state-electricity-profiles/summary,period,annual,EIA_ROUTE_PERIOD_STATEID,DATE,catalog/eia-open-data/schemas/electricity-state-electricity-profiles-summary.schema.yaml,
eia-ieo-2017,eia-open-data,EIA International Energy Outlook 2017,dataset,panel,/ieo/2017,/ieo/2017/data,/ieo/2017,period,annual,EIA_ROUTE_PERIOD_HISTORY_SCENARIO_TABLEID_SERIESID_REGIONID,DATE,catalog/eia-open-data/schemas/ieo-2017.schema.yaml,
eia-ieo-2019,eia-open-data,EIA International Energy Outlook 2019,dataset,panel,/ieo/2019,/ieo/2019/data,/ieo/2019,period,annual,EIA_ROUTE_PERIOD_HISTORY_SCENARIO_TABLEID_SERIESID_REGIONID,DATE,catalog/eia-open-data/schemas/ieo-2019.schema.yaml,
eia-ieo-2021,eia-open-data,EIA International Energy Outlook 2021,dataset,panel,/ieo/2021,/ieo/2021/data,/ieo/2021,period,annual,EIA_ROUTE_PERIOD_HISTORY_SCENARIO_TABLEID_SERIESID_REGIONID,DATE,catalog/eia-open-data/schemas/ieo-2021.schema.yaml,
eia-ieo-2023,eia-open-data,EIA International Energy Outlook 2023,dataset,panel,/ieo/2023,/ieo/2023/data,/ieo/2023,period,annual,EIA_ROUTE_PERIOD_HISTORY_SCENARIO_TABLEID_SERIESID_REGIONID,DATE,catalog/eia-open-data/schemas/ieo-2023.schema.yaml,
eia-international-energy,eia-open-data,EIA International Energy Statistics,dataset,panel,/international,/international/data,/international,period,annual; monthly; quarterly,EIA_ROUTE_PERIOD_COUNTRY_PRODUCT_ACTIVITY,DATE; ISO_3,catalog/eia-open-data/schemas/international-energy.schema.yaml,cross-country energy production comparison; global oil supply tracking; country-level energy independence analysis; macro commodity flow modelling
eia-international,eia-open-data,EIA International,dataset,panel,/international,/international/data,/international,period,monthly; quarterly; annual,EIA_ROUTE_PERIOD_PRODUCTID_ACTIVITYID_COUNTRYREGIONID_COUNTRYREGIONTYPEID_DAT,DATE; ISO_3,catalog/eia-open-data/schemas/international.schema.yaml,
eia-natural-gas-cons-acct,eia-open-data,EIA natural gas survey data,dataset,panel,/natural-gas/cons/acct,/natural-gas/cons/acct/data,/natural-gas/cons/acct,period,annual,EIA_ROUTE_PERIOD_DUOAREA_PRODUCT_PROCESS_SERIES,DATE,catalog/eia-open-data/schemas/natural-gas-cons-acct.schema.yaml,
eia-natural-gas-cons-heat,eia-open-data,EIA natural gas survey data,dataset,panel,/natural-gas/cons/heat,/natural-gas/cons/heat/data,/natural-gas/cons/heat,period,monthly; annual,EIA_ROUTE_PERIOD_DUOAREA_PRODUCT_PROCESS_SERIES,DATE,catalog/eia-open-data/schemas/natural-gas-cons-heat.schema.yaml,
eia-natural-gas-cons-num,eia-open-data,EIA natural gas survey data,dataset,panel,/natural-gas/cons/num,/natural-gas/cons/num/data,/natural-gas/cons/num,period,annual,EIA_ROUTE_PERIOD_DUOAREA_PRODUCT_PROCESS_SERIES,DATE,catalog/eia-open-data/schemas/natural-gas-cons-num.schema.yaml,
eia-natural-gas-cons-pns,eia-open-data,EIA natural gas survey data,dataset,panel,/natural-gas/cons/pns,/natural-gas/cons/pns/data,/natural-gas/cons/pns,period,annual,EIA_ROUTE_PERIOD_DUOAREA_PRODUCT_PROCESS_SERIES,DATE,catalog/eia-open-data/schemas/natural-gas-cons-pns.schema.yaml,
eia-natural-gas-cons-sum,eia-open-data,EIA natural gas survey data,dataset,panel,/natural-gas/cons/sum,/natural-gas/cons/sum/data,/natural-gas/cons/sum,period,monthly; annual,EIA_ROUTE_PERIOD_DUOAREA_PRODUCT_PROCESS_SERIES,DATE,catalog/eia-open-data/schemas/natural-gas-cons-sum.schema.yaml,
eia-natural-gas-enr-adng,eia-open-data,EIA natural gas survey data,dataset,panel,/natural-gas/enr/adng,/natural-gas/enr/adng/data,/natural-gas/enr/adng,period,annual,EIA_ROUTE_PERIOD_DUOAREA_PRODUCT_PROCESS_SERIES,DATE,catalog/eia-open-data/schemas/natural-gas-enr-adng.schema.yaml,
eia-natural-gas-enr-coalbed,eia-open-data,EIA natural gas survey data,dataset,panel,/natural-gas/enr/coalbed,/natural-gas/enr/coalbed/data,/natural-gas/enr/coalbed,period,annual,EIA_ROUTE_PERIOD_DUOAREA_PRODUCT_PROCESS_SERIES,DATE,catalog/eia-open-data/schemas/natural-gas-enr-coalbed.schema.yaml,
eia-natural-gas-enr-cplc,eia-open-data,EIA natural gas survey data,dataset,panel,/natural-gas/enr/cplc,/natural-gas/enr/cplc/data,/natural-gas/enr/cplc,period,annual,EIA_ROUTE_PERIOD_DUOAREA_PRODUCT_PROCESS_SERIES,DATE,catalog/eia-open-data/schemas/natural-gas-enr-cplc.schema.yaml,
eia-natural-gas-enr-deep,eia-open-data,EIA natural gas survey data,dataset,panel,/natural-gas/enr/deep,/natural-gas/enr/deep/data,/natural-gas/enr/deep,period,annual,EIA_ROUTE_PERIOD_DUOAREA_PRODUCT_PROCESS_SERIES,DATE,catalog/eia-open-data/schemas/natural-gas-enr-deep.schema.yaml,
eia-natural-gas-enr-drill,eia-open-data,EIA natural gas survey data,dataset,panel,/natural-gas/enr/drill,/natural-gas/enr/drill/data,/natural-gas/enr/drill,period,monthly; annual,EIA_ROUTE_PERIOD_DUOAREA_PRODUCT_PROCESS_SERIES,DATE,catalog/eia-open-data/schemas/natural-gas-enr-drill.schema.yaml,
eia-natural-gas-enr-dry,eia-open-data,EIA natural gas survey data,dataset,panel,/natural-gas/enr/dry,/natural-gas/enr/dry/data,/natural-gas/enr/dry,period,annual,EIA_ROUTE_PERIOD_DUOAREA_PRODUCT_PROCESS_SERIES,DATE,catalog/eia-open-data/schemas/natural-gas-enr-dry.schema.yaml,
eia-natural-gas-enr-lc,eia-open-data,EIA natural gas survey data,dataset,panel,/natural-gas/enr/lc,/natural-gas/enr/lc/data,/natural-gas/enr/lc,period,annual,EIA_ROUTE_PERIOD_DUOAREA_PRODUCT_PROCESS_SERIES,DATE,catalog/eia-open-data/schemas/natural-gas-enr-lc.schema.yaml,
eia-natural-gas-enr-nang,eia-open-data,EIA natural gas survey data,dataset,panel,/natural-gas/enr/nang,/natural-gas/enr/nang/data,/natural-gas/enr/nang,period,annual,EIA_ROUTE_PERIOD_DUOAREA_PRODUCT_PROCESS_SERIES,DATE,catalog/eia-open-data/schemas/natural-gas-enr-nang.schema.yaml,
eia-natural-gas-enr-ngl,eia-open-data,EIA natural gas survey data,dataset,panel,/natural-gas/enr/ngl,/natural-gas/enr/ngl/data,/natural-gas/enr/ngl,period,annual,EIA_ROUTE_PERIOD_DUOAREA_PRODUCT_PROCESS_SERIES,DATE,catalog/eia-open-data/schemas/natural-gas-enr-ngl.schema.yaml,
eia-natural-gas-enr-ngpl,eia-open-data,EIA natural gas survey data,dataset,panel,/natural-gas/enr/ngpl,/natural-gas/enr/ngpl/data,/natural-gas/enr/ngpl,period,annual,EIA_ROUTE_PERIOD_DUOAREA_PRODUCT_PROCESS_SERIES,DATE,catalog/eia-open-data/schemas/natural-gas-enr-ngpl.schema.yaml,
eia-natural-gas-enr-nprod,eia-open-data,EIA natural gas survey data,dataset,panel,/natural-gas/enr/nprod,/natural-gas/enr/nprod/data,/natural-gas/enr/nprod,period,annual,EIA_ROUTE_PERIOD_DUOAREA_PRODUCT_PROCESS_SERIES,DATE,catalog/eia-open-data/schemas/natural-gas-enr-nprod.schema.yaml,
eia-natural-gas-enr-seis,eia-open-data,EIA natural gas survey data,dataset,panel,/natural-gas/enr/seis,/natural-gas/enr/seis/data,/natural-gas/enr/seis,period,monthly,EIA_ROUTE_PERIOD_DUOAREA_PRODUCT_PROCESS_SERIES,DATE,catalog/eia-open-data/schemas/natural-gas-enr-seis.schema.yaml,
eia-natural-gas-enr-shalegas,eia-open-data,EIA natural gas survey data,dataset,panel,/natural-gas/enr/shalegas,/natural-gas/enr/shalegas/data,/natural-gas/enr/shalegas,period,annual,EIA_ROUTE_PERIOD_DUOAREA_PRODUCT_PROCESS_SERIES,DATE,catalog/eia-open-data/schemas/natural-gas-enr-shalegas.schema.yaml,
eia-natural-gas-enr-sum,eia-open-data,EIA natural gas survey data,dataset,panel,/natural-gas/enr/sum,/natural-gas/enr/sum/data,/natural-gas/enr/sum,period,annual,EIA_ROUTE_PERIOD_DUOAREA_PRODUCT_PROCESS_SERIES,DATE,catalog/eia-open-data/schemas/natural-gas-enr-sum.schema.yaml,
eia-natural-gas-enr-wals,eia-open-data,EIA natural gas survey data,dataset,panel,/natural-gas/enr/wals,/natural-gas/enr/wals/data,/natural-gas/enr/wals,period,annual,EIA_ROUTE_PERIOD_DUOAREA_PRODUCT_PROCESS_SERIES,DATE,catalog/eia-open-data/schemas/natural-gas-enr-wals.schema.yaml,
eia-natural-gas-enr-wellcost,eia-open-data,EIA natural gas survey data,dataset,panel,/natural-gas/enr/wellcost,/natural-gas/enr/wellcost/data,/natural-gas/enr/wellcost,period,annual,EIA_ROUTE_PERIOD_DUOAREA_PRODUCT_PROCESS_SERIES,DATE,catalog/eia-open-data/schemas/natural-gas-enr-wellcost.schema.yaml,
eia-natural-gas-enr-welldep,eia-open-data,EIA natural gas survey data,dataset,panel,/natural-gas/enr/welldep,/natural-gas/enr/welldep/data,/natural-gas/enr/welldep,period,annual,EIA_ROUTE_PERIOD_DUOAREA_PRODUCT_PROCESS_SERIES,DATE,catalog/eia-open-data/schemas/natural-gas-enr-welldep.schema.yaml,
eia-natural-gas-enr-wellend,eia-open-data,EIA natural gas survey data,dataset,panel,/natural-gas/enr/wellend,/natural-gas/enr/wellend/data,/natural-gas/enr/wellend,period,monthly; annual,EIA_ROUTE_PERIOD_DUOAREA_PRODUCT_PROCESS_SERIES,DATE,catalog/eia-open-data/schemas/natural-gas-enr-wellend.schema.yaml,
eia-natural-gas-enr-wellfoot,eia-open-data,EIA natural gas survey data,dataset,panel,/natural-gas/enr/wellfoot,/natural-gas/enr/wellfoot/data,/natural-gas/enr/wellfoot,period,annual,EIA_ROUTE_PERIOD_DUOAREA_PRODUCT_PROCESS_SERIES,DATE,catalog/eia-open-data/schemas/natural-gas-enr-wellfoot.schema.yaml,
eia-natural-gas-move-expc,eia-open-data,EIA natural gas survey data,dataset,panel,/natural-gas/move/expc,/natural-gas/move/expc/data,/natural-gas/move/expc,period,monthly; annual,EIA_ROUTE_PERIOD_DUOAREA_PRODUCT_PROCESS_SERIES,DATE,catalog/eia-open-data/schemas/natural-gas-move-expc.schema.yaml,
eia-natural-gas-move-impc,eia-open-data,EIA natural gas survey data,dataset,panel,/natural-gas/move/impc,/natural-gas/move/impc/data,/natural-gas/move/impc,period,monthly; annual,EIA_ROUTE_PERIOD_DUOAREA_PRODUCT_PROCESS_SERIES,DATE,catalog/eia-open-data/schemas/natural-gas-move-impc.schema.yaml,
eia-natural-gas-move-ist,eia-open-data,EIA natural gas survey data,dataset,panel,/natural-gas/move/ist,/natural-gas/move/ist/data,/natural-gas/move/ist,period,annual,EIA_ROUTE_PERIOD_DUOAREA_PRODUCT_PROCESS_SERIES,DATE,catalog/eia-open-data/schemas/natural-gas-move-ist.schema.yaml,
eia-natural-gas-move-poe1,eia-open-data,EIA natural gas survey data,dataset,panel,/natural-gas/move/poe1,/natural-gas/move/poe1/data,/natural-gas/move/poe1,period,monthly; annual,EIA_ROUTE_PERIOD_DUOAREA_PRODUCT_PROCESS_SERIES,DATE,catalog/eia-open-data/schemas/natural-gas-move-poe1.schema.yaml,
eia-natural-gas-move-poe2,eia-open-data,EIA natural gas survey data,dataset,panel,/natural-gas/move/poe2,/natural-gas/move/poe2/data,/natural-gas/move/poe2,period,monthly; annual,EIA_ROUTE_PERIOD_DUOAREA_PRODUCT_PROCESS_SERIES,DATE,catalog/eia-open-data/schemas/natural-gas-move-poe2.schema.yaml,
eia-natural-gas-move-state,eia-open-data,EIA natural gas survey data,dataset,panel,/natural-gas/move/state,/natural-gas/move/state/data,/natural-gas/move/state,period,monthly; annual,EIA_ROUTE_PERIOD_DUOAREA_PRODUCT_PROCESS_SERIES,DATE,catalog/eia-open-data/schemas/natural-gas-move-state.schema.yaml,
eia-natural-gas-pri-fut,eia-open-data,EIA natural gas survey data,dataset,panel,/natural-gas/pri/fut,/natural-gas/pri/fut/data,/natural-gas/pri/fut,period,monthly; weekly; annual; daily,EIA_ROUTE_PERIOD_DUOAREA_PRODUCT_PROCESS_SERIES,DATE,catalog/eia-open-data/schemas/natural-gas-pri-fut.schema.yaml,
eia-natural-gas-pri-rescom,eia-open-data,EIA natural gas survey data,dataset,panel,/natural-gas/pri/rescom,/natural-gas/pri/rescom/data,/natural-gas/pri/rescom,period,monthly; annual,EIA_ROUTE_PERIOD_DUOAREA_PRODUCT_PROCESS_SERIES,DATE,catalog/eia-open-data/schemas/natural-gas-pri-rescom.schema.yaml,
eia-natural-gas-pri-sum,eia-open-data,EIA natural gas survey data,dataset,panel,/natural-gas/pri/sum,/natural-gas/pri/sum/data,/natural-gas/pri/sum,period,monthly; annual,EIA_ROUTE_PERIOD_DUOAREA_PRODUCT_PROCESS_SERIES,DATE,catalog/eia-open-data/schemas/natural-gas-pri-sum.schema.yaml,
eia-natural-gas-prod-coalbed,eia-open-data,EIA natural gas survey data,dataset,panel,/natural-gas/prod/coalbed,/natural-gas/prod/coalbed/data,/natural-gas/prod/coalbed,period,annual,EIA_ROUTE_PERIOD_DUOAREA_PRODUCT_PROCESS_SERIES,DATE,catalog/eia-open-data/schemas/natural-gas-prod-coalbed.schema.yaml,
eia-natural-gas-prod-deep,eia-open-data,EIA natural gas survey data,dataset,panel,/natural-gas/prod/deep,/natural-gas/prod/deep/data,/natural-gas/prod/deep,period,annual,EIA_ROUTE_PERIOD_DUOAREA_PRODUCT_PROCESS_SERIES,DATE,catalog/eia-open-data/schemas/natural-gas-prod-deep.schema.yaml,
eia-natural-gas-prod-lc,eia-open-data,EIA natural gas survey data,dataset,panel,/natural-gas/prod/lc,/natural-gas/prod/lc/data,/natural-gas/prod/lc,period,annual,EIA_ROUTE_PERIOD_DUOAREA_PRODUCT_PROCESS_SERIES,DATE,catalog/eia-open-data/schemas/natural-gas-prod-lc.schema.yaml,
eia-natural-gas-prod-ngpl,eia-open-data,EIA natural gas survey data,dataset,panel,/natural-gas/prod/ngpl,/natural-gas/prod/ngpl/data,/natural-gas/prod/ngpl,period,annual,EIA_ROUTE_PERIOD_DUOAREA_PRODUCT_PROCESS_SERIES,DATE,catalog/eia-open-data/schemas/natural-gas-prod-ngpl.schema.yaml,
eia-natural-gas-prod-off,eia-open-data,EIA natural gas survey data,dataset,panel,/natural-gas/prod/off,/natural-gas/prod/off/data,/natural-gas/prod/off,period,monthly; annual,EIA_ROUTE_PERIOD_DUOAREA_PRODUCT_PROCESS_SERIES,DATE,catalog/eia-open-data/schemas/natural-gas-prod-off.schema.yaml,
eia-natural-gas-prod-oilwells,eia-open-data,EIA natural gas survey data,dataset,panel,/natural-gas/prod/oilwells,/natural-gas/prod/oilwells/data,/natural-gas/prod/oilwells,period,annual,EIA_ROUTE_PERIOD_DUOAREA_PRODUCT_PROCESS_SERIES,DATE,catalog/eia-open-data/schemas/natural-gas-prod-oilwells.schema.yaml,
eia-natural-gas-prod-pp,eia-open-data,EIA natural gas survey data,dataset,panel,/natural-gas/prod/pp,/natural-gas/prod/pp/data,/natural-gas/prod/pp,period,monthly; annual,EIA_ROUTE_PERIOD_DUOAREA_PRODUCT_PROCESS_SERIES,DATE,catalog/eia-open-data/schemas/natural-gas-prod-pp.schema.yaml,
eia-natural-gas-prod-shalegas,eia-open-data,EIA natural gas survey data,dataset,panel,/natural-gas/prod/shalegas,/natural-gas/prod/shalegas/data,/natural-gas/prod/shalegas,period,annual,EIA_ROUTE_PERIOD_DUOAREA_PRODUCT_PROCESS_SERIES,DATE,catalog/eia-open-data/schemas/natural-gas-prod-shalegas.schema.yaml,
eia-natural-gas-prod-ss,eia-open-data,EIA natural gas survey data,dataset,panel,/natural-gas/prod/ss,/natural-gas/prod/ss/data,/natural-gas/prod/ss,period,monthly; annual,EIA_ROUTE_PERIOD_DUOAREA_PRODUCT_PROCESS_SERIES,DATE,catalog/eia-open-data/schemas/natural-gas-prod-ss.schema.yaml,
eia-natural-gas-prod-sum,eia-open-data,EIA natural gas survey data,dataset,panel,/natural-gas/prod/sum,/natural-gas/prod/sum/data,/natural-gas/prod/sum,period,monthly; annual,EIA_ROUTE_PERIOD_DUOAREA_PRODUCT_PROCESS_SERIES,DATE,catalog/eia-open-data/schemas/natural-gas-prod-sum.schema.yaml,
eia-natural-gas-prod-wells,eia-open-data,EIA natural gas survey data,dataset,panel,/natural-gas/prod/wells,/natural-gas/prod/wells/data,/natural-gas/prod/wells,period,annual,EIA_ROUTE_PERIOD_DUOAREA_PRODUCT_PROCESS_SERIES,DATE,catalog/eia-open-data/schemas/natural-gas-prod-wells.schema.yaml,
eia-natural-gas-prod-whv,eia-open-data,EIA natural gas survey data,dataset,panel,/natural-gas/prod/whv,/natural-gas/prod/whv/data,/natural-gas/prod/whv,period,monthly; annual,EIA_ROUTE_PERIOD_DUOAREA_PRODUCT_PROCESS_SERIES,DATE,catalog/eia-open-data/schemas/natural-gas-prod-whv.schema.yaml,
eia-natural-gas-stor-cap,eia-open-data,EIA natural gas survey data,dataset,panel,/natural-gas/stor/cap,/natural-gas/stor/cap/data,/natural-gas/stor/cap,period,monthly; annual,EIA_ROUTE_PERIOD_DUOAREA_PRODUCT_PROCESS_SERIES,DATE,catalog/eia-open-data/schemas/natural-gas-stor-cap.schema.yaml,
eia-natural-gas-stor-lng,eia-open-data,EIA natural gas survey data,dataset,panel,/natural-gas/stor/lng,/natural-gas/stor/lng/data,/natural-gas/stor/lng,period,annual,EIA_ROUTE_PERIOD_DUOAREA_PRODUCT_PROCESS_SERIES,DATE,catalog/eia-open-data/schemas/natural-gas-stor-lng.schema.yaml,
eia-natural-gas-stor-sum,eia-open-data,EIA natural gas survey data,dataset,panel,/natural-gas/stor/sum,/natural-gas/stor/sum/data,/natural-gas/stor/sum,period,monthly; annual,EIA_ROUTE_PERIOD_DUOAREA_PRODUCT_PROCESS_SERIES,DATE,catalog/eia-open-data/schemas/natural-gas-stor-sum.schema.yaml,
eia-natural-gas-stor-type,eia-open-data,EIA natural gas survey data,dataset,panel,/natural-gas/stor/type,/natural-gas/stor/type/data,/natural-gas/stor/type,period,monthly; annual,EIA_ROUTE_PERIOD_DUOAREA_PRODUCT_PROCESS_SERIES,DATE,catalog/eia-open-data/schemas/natural-gas-stor-type.schema.yaml,
eia-natural-gas-stor-wkly,eia-open-data,EIA natural gas survey data,dataset,panel,/natural-gas/stor/wkly,/natural-gas/stor/wkly/data,/natural-gas/stor/wkly,period,weekly,EIA_ROUTE_PERIOD_DUOAREA_PRODUCT_PROCESS_SERIES,DATE,catalog/eia-open-data/schemas/natural-gas-stor-wkly.schema.yaml,
eia-natural-gas-storage,eia-open-data,EIA Natural Gas Storage,dataset,panel,/natural-gas/stor,/natural-gas/stor/wkly/data,/natural-gas/stor,period,weekly; monthly; annual,EIA_ROUTE_PERIOD_DUOAREA_PROCESS,DATE,catalog/eia-open-data/schemas/natural-gas-storage.schema.yaml,winter heating demand signal; natural gas price forecasting input; power generation feedstock monitoring; weekly storage report leading indicator
eia-natural-gas-sum-lsum,eia-open-data,EIA natural gas survey data,dataset,panel,/natural-gas/sum/lsum,/natural-gas/sum/lsum/data,/natural-gas/sum/lsum,period,monthly; annual,EIA_ROUTE_PERIOD_DUOAREA_PRODUCT_PROCESS_SERIES,DATE,catalog/eia-open-data/schemas/natural-gas-sum-lsum.schema.yaml,
eia-natural-gas-sum-snd,eia-open-data,EIA natural gas survey data,dataset,panel,/natural-gas/sum/snd,/natural-gas/sum/snd/data,/natural-gas/sum/snd,period,monthly; annual,EIA_ROUTE_PERIOD_DUOAREA_PRODUCT_PROCESS_SERIES,DATE,catalog/eia-open-data/schemas/natural-gas-sum-snd.schema.yaml,
eia-natural-gas-sum-sndm,eia-open-data,EIA natural gas survey data,dataset,panel,/natural-gas/sum/sndm,/natural-gas/sum/sndm/data,/natural-gas/sum/sndm,period,monthly,EIA_ROUTE_PERIOD_DUOAREA_PRODUCT_PROCESS_SERIES,DATE,catalog/eia-open-data/schemas/natural-gas-sum-sndm.schema.yaml,
eia-nuclear-outages-facility-nuclear-outages,eia-open-data,EIA Facility Level Nuclear Outages,dataset,time-series,/nuclear-outages/facility-nuclear-outages,/nuclear-outages/facility-nuclear-outages/data,/nuclear-outages/facility-nuclear-outages,period,daily,EIA_ROUTE_PERIOD_FACILITY,DATE,catalog/eia-open-data/schemas/nuclear-outages-facility-nuclear-outages.schema.yaml,
eia-nuclear-outages-generator-nuclear-outages,eia-open-data,EIA Generator Level Nuclear Outages,dataset,panel,/nuclear-outages/generator-nuclear-outages,/nuclear-outages/generator-nuclear-outages/data,/nuclear-outages/generator-nuclear-outages,period,daily,EIA_ROUTE_PERIOD_FACILITY_GENERATOR,DATE,catalog/eia-open-data/schemas/nuclear-outages-generator-nuclear-outages.schema.yaml,
eia-petroleum-cons-821dst,eia-open-data,EIA petroleum gas survey data,dataset,panel,/petroleum/cons/821dst,/petroleum/cons/821dst/data,/petroleum/cons/821dst,period,annual,EIA_ROUTE_PERIOD_DUOAREA_PRODUCT_PROCESS_SERIES,DATE,catalog/eia-open-data/schemas/petroleum-cons-821dst.schema.yaml,
eia-petroleum-cons-821dsta,eia-open-data,EIA petroleum gas survey data,dataset,panel,/petroleum/cons/821dsta,/petroleum/cons/821dsta/data,/petroleum/cons/821dsta,period,annual,EIA_ROUTE_PERIOD_DUOAREA_PRODUCT_PROCESS_SERIES,DATE,catalog/eia-open-data/schemas/petroleum-cons-821dsta.schema.yaml,
eia-petroleum-cons-821ker,eia-open-data,EIA petroleum gas survey data,dataset,panel,/petroleum/cons/821ker,/petroleum/cons/821ker/data,/petroleum/cons/821ker,period,annual,EIA_ROUTE_PERIOD_DUOAREA_PRODUCT_PROCESS_SERIES,DATE,catalog/eia-open-data/schemas/petroleum-cons-821ker.schema.yaml,
eia-petroleum-cons-821kera,eia-open-data,EIA petroleum gas survey data,dataset,panel,/petroleum/cons/821kera,/petroleum/cons/821kera/data,/petroleum/cons/821kera,period,annual,EIA_ROUTE_PERIOD_DUOAREA_PRODUCT_PROCESS_SERIES,DATE,catalog/eia-open-data/schemas/petroleum-cons-821kera.schema.yaml,
eia-petroleum-cons-821rsd,eia-open-data,EIA petroleum gas survey data,dataset,panel,/petroleum/cons/821rsd,/petroleum/cons/821rsd/data,/petroleum/cons/821rsd,period,annual,EIA_ROUTE_PERIOD_DUOAREA_PRODUCT_PROCESS_SERIES,DATE,catalog/eia-open-data/schemas/petroleum-cons-821rsd.schema.yaml,
eia-petroleum-cons-821rsda,eia-open-data,EIA petroleum gas survey data,dataset,panel,/petroleum/cons/821rsda,/petroleum/cons/821rsda/data,/petroleum/cons/821rsda,period,annual,EIA_ROUTE_PERIOD_DUOAREA_PRODUCT_PROCESS_SERIES,DATE,catalog/eia-open-data/schemas/petroleum-cons-821rsda.schema.yaml,
eia-petroleum-cons-821use,eia-open-data,EIA petroleum gas survey data,dataset,panel,/petroleum/cons/821use,/petroleum/cons/821use/data,/petroleum/cons/821use,period,annual,EIA_ROUTE_PERIOD_DUOAREA_PRODUCT_PROCESS_SERIES,DATE,catalog/eia-open-data/schemas/petroleum-cons-821use.schema.yaml,
eia-petroleum-cons-821usea,eia-open-data,EIA petroleum gas survey data,dataset,panel,/petroleum/cons/821usea,/petroleum/cons/821usea/data,/petroleum/cons/821usea,period,annual,EIA_ROUTE_PERIOD_DUOAREA_PRODUCT_PROCESS_SERIES,DATE,catalog/eia-open-data/schemas/petroleum-cons-821usea.schema.yaml,
eia-petroleum-cons-prim,eia-open-data,EIA petroleum gas survey data,dataset,panel,/petroleum/cons/prim,/petroleum/cons/prim/data,/petroleum/cons/prim,period,monthly; annual,EIA_ROUTE_PERIOD_DUOAREA_PRODUCT_PROCESS_SERIES,DATE,catalog/eia-open-data/schemas/petroleum-cons-prim.schema.yaml,
eia-petroleum-cons-psup,eia-open-data,EIA petroleum gas survey data,dataset,panel,/petroleum/cons/psup,/petroleum/cons/psup/data,/petroleum/cons/psup,period,monthly; annual,EIA_ROUTE_PERIOD_DUOAREA_PRODUCT_PROCESS_SERIES,DATE,catalog/eia-open-data/schemas/petroleum-cons-psup.schema.yaml,
eia-petroleum-cons-refmg,eia-open-data,EIA petroleum gas survey data,dataset,panel,/petroleum/cons/refmg,/petroleum/cons/refmg/data,/petroleum/cons/refmg,period,monthly; annual,EIA_ROUTE_PERIOD_DUOAREA_PRODUCT_PROCESS_SERIES,DATE,catalog/eia-open-data/schemas/petroleum-cons-refmg.schema.yaml,
eia-petroleum-cons-refoth,eia-open-data,EIA petroleum gas survey data,dataset,panel,/petroleum/cons/refoth,/petroleum/cons/refoth/data,/petroleum/cons/refoth,period,monthly; annual,EIA_ROUTE_PERIOD_DUOAREA_PRODUCT_PROCESS_SERIES,DATE,catalog/eia-open-data/schemas/petroleum-cons-refoth.schema.yaml,
eia-petroleum-cons-refres,eia-open-data,EIA petroleum gas survey data,dataset,panel,/petroleum/cons/refres,/petroleum/cons/refres/data,/petroleum/cons/refres,period,monthly; annual,EIA_ROUTE_PERIOD_DUOAREA_PRODUCT_PROCESS_SERIES,DATE,catalog/eia-open-data/schemas/petroleum-cons-refres.schema.yaml,
eia-petroleum-cons-wpsup,eia-open-data,EIA petroleum gas survey data,dataset,panel,/petroleum/cons/wpsup,/petroleum/cons/wpsup/data,/petroleum/cons/wpsup,period,weekly,EIA_ROUTE_PERIOD_DUOAREA_PRODUCT_PROCESS_SERIES,DATE,catalog/eia-open-data/schemas/petroleum-cons-wpsup.schema.yaml,
eia-petroleum-crd-api,eia-open-data,EIA petroleum gas survey data,dataset,panel,/petroleum/crd/api,/petroleum/crd/api/data,/petroleum/crd/api,period,monthly,EIA_ROUTE_PERIOD_DUOAREA_PRODUCT_PROCESS_SERIES,DATE,catalog/eia-open-data/schemas/petroleum-crd-api.schema.yaml,
eia-petroleum-crd-cplc,eia-open-data,EIA petroleum gas survey data,dataset,panel,/petroleum/crd/cplc,/petroleum/crd/cplc/data,/petroleum/crd/cplc,period,annual,EIA_ROUTE_PERIOD_DUOAREA_PRODUCT_PROCESS_SERIES,DATE,catalog/eia-open-data/schemas/petroleum-crd-cplc.schema.yaml,
eia-petroleum-crd-crpdn,eia-open-data,EIA petroleum gas survey data,dataset,panel,/petroleum/crd/crpdn,/petroleum/crd/crpdn/data,/petroleum/crd/crpdn,period,monthly; annual,EIA_ROUTE_PERIOD_DUOAREA_PRODUCT_PROCESS_SERIES,DATE,catalog/eia-open-data/schemas/petroleum-crd-crpdn.schema.yaml,
eia-petroleum-crd-drill,eia-open-data,EIA petroleum gas survey data,dataset,panel,/petroleum/crd/drill,/petroleum/crd/drill/data,/petroleum/crd/drill,period,monthly; annual,EIA_ROUTE_PERIOD_DUOAREA_PRODUCT_PROCESS_SERIES,DATE,catalog/eia-open-data/schemas/petroleum-crd-drill.schema.yaml,
eia-petroleum-crd-gom,eia-open-data,EIA petroleum gas survey data,dataset,panel,/petroleum/crd/gom,/petroleum/crd/gom/data,/petroleum/crd/gom,period,annual,EIA_ROUTE_PERIOD_DUOAREA_PRODUCT_PROCESS_SERIES,DATE,catalog/eia-open-data/schemas/petroleum-crd-gom.schema.yaml,
eia-petroleum-crd-nprod,eia-open-data,EIA petroleum gas survey data,dataset,panel,/petroleum/crd/nprod,/petroleum/crd/nprod/data,/petroleum/crd/nprod,period,annual,EIA_ROUTE_PERIOD_DUOAREA_PRODUCT_PROCESS_SERIES,DATE,catalog/eia-open-data/schemas/petroleum-crd-nprod.schema.yaml,
eia-petroleum-crd-pres,eia-open-data,EIA petroleum gas survey data,dataset,panel,/petroleum/crd/pres,/petroleum/crd/pres/data,/petroleum/crd/pres,period,annual,EIA_ROUTE_PERIOD_DUOAREA_PRODUCT_PROCESS_SERIES,DATE,catalog/eia-open-data/schemas/petroleum-crd-pres.schema.yaml,
eia-petroleum-crd-seis,eia-open-data,EIA petroleum gas survey data,dataset,panel,/petroleum/crd/seis,/petroleum/crd/seis/data,/petroleum/crd/seis,period,monthly,EIA_ROUTE_PERIOD_DUOAREA_PRODUCT_PROCESS_SERIES,DATE,catalog/eia-open-data/schemas/petroleum-crd-seis.schema.yaml,
eia-petroleum-crd-wellcost,eia-open-data,EIA petroleum gas survey data,dataset,panel,/petroleum/crd/wellcost,/petroleum/crd/wellcost/data,/petroleum/crd/wellcost,period,annual,EIA_ROUTE_PERIOD_DUOAREA_PRODUCT_PROCESS_SERIES,DATE,catalog/eia-open-data/schemas/petroleum-crd-wellcost.schema.yaml,
eia-petroleum-crd-welldep,eia-open-data,EIA petroleum gas survey data,dataset,panel,/petroleum/crd/welldep,/petroleum/crd/welldep/data,/petroleum/crd/welldep,period,annual,EIA_ROUTE_PERIOD_DUOAREA_PRODUCT_PROCESS_SERIES,DATE,catalog/eia-open-data/schemas/petroleum-crd-welldep.schema.yaml,
eia-petroleum-crd-wellend,eia-open-data,EIA petroleum gas survey data,dataset,panel,/petroleum/crd/wellend,/petroleum/crd/wellend/data,/petroleum/crd/wellend,period,monthly; annual,EIA_ROUTE_PERIOD_DUOAREA_PRODUCT_PROCESS_SERIES,DATE,catalog/eia-open-data/schemas/petroleum-crd-wellend.schema.yaml,
eia-petroleum-crd-wellfoot,eia-open-data,EIA petroleum gas survey data,dataset,panel,/petroleum/crd/wellfoot,/petroleum/crd/wellfoot/data,/petroleum/crd/wellfoot,period,annual,EIA_ROUTE_PERIOD_DUOAREA_PRODUCT_PROCESS_SERIES,DATE,catalog/eia-open-data/schemas/petroleum-crd-wellfoot.schema.yaml,
eia-petroleum-move-exp,eia-open-data,EIA petroleum gas survey data,dataset,panel,/petroleum/move/exp,/petroleum/move/exp/data,/petroleum/move/exp,period,monthly; annual,EIA_ROUTE_PERIOD_DUOAREA_PRODUCT_PROCESS_SERIES,DATE,catalog/eia-open-data/schemas/petroleum-move-exp.schema.yaml,
eia-petroleum-move-expc,eia-open-data,EIA petroleum gas survey data,dataset,panel,/petroleum/move/expc,/petroleum/move/expc/data,/petroleum/move/expc,period,monthly; annual,EIA_ROUTE_PERIOD_DUOAREA_PRODUCT_PROCESS_SERIES,DATE,catalog/eia-open-data/schemas/petroleum-move-expc.schema.yaml,
eia-petroleum-move-expcp,eia-open-data,EIA petroleum gas survey data,dataset,panel,/petroleum/move/expcp,/petroleum/move/expcp/data,/petroleum/move/expcp,period,monthly; annual,EIA_ROUTE_PERIOD_DUOAREA_PRODUCT_PROCESS_SERIES,DATE,catalog/eia-open-data/schemas/petroleum-move-expcp.schema.yaml,
eia-petroleum-move-imc1,eia-open-data,EIA petroleum gas survey data,dataset,panel,/petroleum/move/imc1,/petroleum/move/imc1/data,/petroleum/move/imc1,period,monthly; annual,EIA_ROUTE_PERIOD_DUOAREA_PRODUCT_PROCESS_SERIES,DATE,catalog/eia-open-data/schemas/petroleum-move-imc1.schema.yaml,
eia-petroleum-move-imc2,eia-open-data,EIA petroleum gas survey data,dataset,panel,/petroleum/move/imc2,/petroleum/move/imc2/data,/petroleum/move/imc2,period,monthly; annual,EIA_ROUTE_PERIOD_DUOAREA_PRODUCT_PROCESS_SERIES,DATE,catalog/eia-open-data/schemas/petroleum-move-imc2.schema.yaml,
eia-petroleum-move-imc3,eia-open-data,EIA petroleum gas survey data,dataset,panel,/petroleum/move/imc3,/petroleum/move/imc3/data,/petroleum/move/imc3,period,monthly; annual,EIA_ROUTE_PERIOD_DUOAREA_PRODUCT_PROCESS_SERIES,DATE,catalog/eia-open-data/schemas/petroleum-move-imc3.schema.yaml,
eia-petroleum-move-imp,eia-open-data,EIA petroleum gas survey data,dataset,panel,/petroleum/move/imp,/petroleum/move/imp/data,/petroleum/move/imp,period,monthly; annual,EIA_ROUTE_PERIOD_DUOAREA_PRODUCT_PROCESS_SERIES,DATE,catalog/eia-open-data/schemas/petroleum-move-imp.schema.yaml,
eia-petroleum-move-imp2,eia-open-data,EIA petroleum gas survey data,dataset,panel,/petroleum/move/imp2,/petroleum/move/imp2/data,/petroleum/move/imp2,period,monthly; annual,EIA_ROUTE_PERIOD_DUOAREA_PRODUCT_PROCESS_SERIES,DATE,catalog/eia-open-data/schemas/petroleum-move-imp2.schema.yaml,
eia-petroleum-move-impcp,eia-open-data,EIA petroleum gas survey data,dataset,panel,/petroleum/move/impcp,/petroleum/move/impcp/data,/petroleum/move/impcp,period,monthly; annual,EIA_ROUTE_PERIOD_DUOAREA_PRODUCT_PROCESS_SERIES,DATE,catalog/eia-open-data/schemas/petroleum-move-impcp.schema.yaml,
eia-petroleum-move-impcus,eia-open-data,EIA petroleum gas survey data,dataset,panel,/petroleum/move/impcus,/petroleum/move/impcus/data,/petroleum/move/impcus,period,monthly; annual,EIA_ROUTE_PERIOD_DUOAREA_PRODUCT_PROCESS_SERIES,DATE,catalog/eia-open-data/schemas/petroleum-move-impcus.schema.yaml,
eia-petroleum-move-ipct,eia-open-data,EIA petroleum gas survey data,dataset,panel,/petroleum/move/ipct,/petroleum/move/ipct/data,/petroleum/move/ipct,period,monthly; annual,EIA_ROUTE_PERIOD_DUOAREA_PRODUCT_PROCESS_SERIES,DATE,catalog/eia-open-data/schemas/petroleum-move-ipct.schema.yaml,
eia-petroleum-move-land1,eia-open-data,EIA petroleum gas survey data,dataset,panel,/petroleum/move/land1,/petroleum/move/land1/data,/petroleum/move/land1,period,monthly; annual,EIA_ROUTE_PERIOD_DUOAREA_PRODUCT_PROCESS_SERIES,DATE,catalog/eia-open-data/schemas/petroleum-move-land1.schema.yaml,
eia-petroleum-move-land2,eia-open-data,EIA petroleum gas survey data,dataset,panel,/petroleum/move/land2,/petroleum/move/land2/data,/petroleum/move/land2,period,monthly; annual,EIA_ROUTE_PERIOD_DUOAREA_PRODUCT_PROCESS_SERIES,DATE,catalog/eia-open-data/schemas/petroleum-move-land2.schema.yaml,
eia-petroleum-move-land3,eia-open-data,EIA petroleum gas survey data,dataset,panel,/petroleum/move/land3,/petroleum/move/land3/data,/petroleum/move/land3,period,monthly; annual,EIA_ROUTE_PERIOD_DUOAREA_PRODUCT_PROCESS_SERIES,DATE,catalog/eia-open-data/schemas/petroleum-move-land3.schema.yaml,
eia-petroleum-move-neti,eia-open-data,EIA petroleum gas survey data,dataset,panel,/petroleum/move/neti,/petroleum/move/neti/data,/petroleum/move/neti,period,monthly; annual,EIA_ROUTE_PERIOD_DUOAREA_PRODUCT_PROCESS_SERIES,DATE,catalog/eia-open-data/schemas/petroleum-move-neti.schema.yaml,
eia-petroleum-move-netr,eia-open-data,EIA petroleum gas survey data,dataset,panel,/petroleum/move/netr,/petroleum/move/netr/data,/petroleum/move/netr,period,monthly; annual,EIA_ROUTE_PERIOD_DUOAREA_PRODUCT_PROCESS_SERIES,DATE,catalog/eia-open-data/schemas/petroleum-move-netr.schema.yaml,
eia-petroleum-move-pipe,eia-open-data,EIA petroleum gas survey data,dataset,panel,/petroleum/move/pipe,/petroleum/move/pipe/data,/petroleum/move/pipe,period,monthly; annual,EIA_ROUTE_PERIOD_DUOAREA_PRODUCT_PROCESS_SERIES,DATE,catalog/eia-open-data/schemas/petroleum-move-pipe.schema.yaml,
eia-petroleum-move-ptb,eia-open-data,EIA petroleum gas survey data,dataset,panel,/petroleum/move/ptb,/petroleum/move/ptb/data,/petroleum/move/ptb,period,monthly; annual,EIA_ROUTE_PERIOD_DUOAREA_PRODUCT_PROCESS_SERIES,DATE,catalog/eia-open-data/schemas/petroleum-move-ptb.schema.yaml,
eia-petroleum-move-rail,eia-open-data,EIA petroleum gas survey data,dataset,panel,/petroleum/move/rail,/petroleum/move/rail/data,/petroleum/move/rail,period,monthly; annual,EIA_ROUTE_PERIOD_DUOAREA_PRODUCT_PROCESS_SERIES,DATE,catalog/eia-open-data/schemas/petroleum-move-rail.schema.yaml,
eia-petroleum-move-railna,eia-open-data,EIA petroleum gas survey data,dataset,panel,/petroleum/move/railNA,/petroleum/move/railNA/data,/petroleum/move/railNA,period,monthly; annual,EIA_ROUTE_PERIOD_DUOAREA_PRODUCT_PROCESS_SERIES,DATE,catalog/eia-open-data/schemas/petroleum-move-railna.schema.yaml,
eia-petroleum-move-res,eia-open-data,EIA petroleum gas survey data,dataset,panel,/petroleum/move/res,/petroleum/move/res/data,/petroleum/move/res,period,monthly; annual,EIA_ROUTE_PERIOD_DUOAREA_PRODUCT_PROCESS_SERIES,DATE,catalog/eia-open-data/schemas/petroleum-move-res.schema.yaml,
eia-petroleum-move-tb,eia-open-data,EIA petroleum gas survey data,dataset,panel,/petroleum/move/tb,/petroleum/move/tb/data,/petroleum/move/tb,period,monthly; annual,EIA_ROUTE_PERIOD_DUOAREA_PRODUCT_PROCESS_SERIES,DATE,catalog/eia-open-data/schemas/petroleum-move-tb.schema.yaml,
eia-petroleum-move-wimpc,eia-open-data,EIA petroleum gas survey data,dataset,panel,/petroleum/move/wimpc,/petroleum/move/wimpc/data,/petroleum/move/wimpc,period,weekly,EIA_ROUTE_PERIOD_DUOAREA_PRODUCT_PROCESS_SERIES,DATE,catalog/eia-open-data/schemas/petroleum-move-wimpc.schema.yaml,
eia-petroleum-move-wkly,eia-open-data,EIA petroleum gas survey data,dataset,panel,/petroleum/move/wkly,/petroleum/move/wkly/data,/petroleum/move/wkly,period,weekly,EIA_ROUTE_PERIOD_DUOAREA_PRODUCT_PROCESS_SERIES,DATE,catalog/eia-open-data/schemas/petroleum-move-wkly.schema.yaml,
eia-petroleum-pnp-bioplfuel,eia-open-data,EIA petroleum gas survey data,dataset,panel,/petroleum/pnp/bioplfuel,/petroleum/pnp/bioplfuel/data,/petroleum/pnp/bioplfuel,period,annual,EIA_ROUTE_PERIOD_DUOAREA_PRODUCT_PROCESS_SERIES,DATE,catalog/eia-open-data/schemas/petroleum-pnp-bioplfuel.schema.yaml,
eia-petroleum-pnp-cap1,eia-open-data,EIA petroleum gas survey data,dataset,panel,/petroleum/pnp/cap1,/petroleum/pnp/cap1/data,/petroleum/pnp/cap1,period,annual,EIA_ROUTE_PERIOD_DUOAREA_PRODUCT_PROCESS_SERIES,DATE,catalog/eia-open-data/schemas/petroleum-pnp-cap1.schema.yaml,
eia-petroleum-pnp-capbio,eia-open-data,EIA petroleum gas survey data,dataset,panel,/petroleum/pnp/capbio,/petroleum/pnp/capbio/data,/petroleum/pnp/capbio,period,monthly,EIA_ROUTE_PERIOD_DUOAREA_PRODUCT_PROCESS_SERIES,DATE,catalog/eia-open-data/schemas/petroleum-pnp-capbio.schema.yaml,
eia-petroleum-pnp-capchg,eia-open-data,EIA petroleum gas survey data,dataset,panel,/petroleum/pnp/capchg,/petroleum/pnp/capchg/data,/petroleum/pnp/capchg,period,annual,EIA_ROUTE_PERIOD_DUOAREA_PRODUCT_PROCESS_SERIES,DATE,catalog/eia-open-data/schemas/petroleum-pnp-capchg.schema.yaml,
eia-petroleum-pnp-capfuel,eia-open-data,EIA petroleum gas survey data,dataset,panel,/petroleum/pnp/capfuel,/petroleum/pnp/capfuel/data,/petroleum/pnp/capfuel,period,annual,EIA_ROUTE_PERIOD_DUOAREA_PRODUCT_PROCESS_SERIES,DATE,catalog/eia-open-data/schemas/petroleum-pnp-capfuel.schema.yaml,
eia-petroleum-pnp-capprod,eia-open-data,EIA petroleum gas survey data,dataset,panel,/petroleum/pnp/capprod,/petroleum/pnp/capprod/data,/petroleum/pnp/capprod,period,annual,EIA_ROUTE_PERIOD_DUOAREA_PRODUCT_PROCESS_SERIES,DATE,catalog/eia-open-data/schemas/petroleum-pnp-capprod.schema.yaml,
eia-petroleum-pnp-caprec,eia-open-data,EIA petroleum gas survey data,dataset,panel,/petroleum/pnp/caprec,/petroleum/pnp/caprec/data,/petroleum/pnp/caprec,period,annual,EIA_ROUTE_PERIOD_DUOAREA_PRODUCT_PROCESS_SERIES,DATE,catalog/eia-open-data/schemas/petroleum-pnp-caprec.schema.yaml,
eia-petroleum-pnp-capshell,eia-open-data,EIA petroleum gas survey data,dataset,panel,/petroleum/pnp/capshell,/petroleum/pnp/capshell/data,/petroleum/pnp/capshell,period,annual,EIA_ROUTE_PERIOD_DUOAREA_PRODUCT_PROCESS_SERIES,DATE,catalog/eia-open-data/schemas/petroleum-pnp-capshell.schema.yaml,
eia-petroleum-pnp-capwork,eia-open-data,EIA petroleum gas survey data,dataset,panel,/petroleum/pnp/capwork,/petroleum/pnp/capwork/data,/petroleum/pnp/capwork,period,annual,EIA_ROUTE_PERIOD_DUOAREA_PRODUCT_PROCESS_SERIES,DATE,catalog/eia-open-data/schemas/petroleum-pnp-capwork.schema.yaml,
eia-petroleum-pnp-crq,eia-open-data,EIA petroleum gas survey data,dataset,panel,/petroleum/pnp/crq,/petroleum/pnp/crq/data,/petroleum/pnp/crq,period,monthly; annual,EIA_ROUTE_PERIOD_DUOAREA_PRODUCT_PROCESS_SERIES,DATE,catalog/eia-open-data/schemas/petroleum-pnp-crq.schema.yaml,
eia-petroleum-pnp-dwns,eia-open-data,EIA petroleum gas survey data,dataset,panel,/petroleum/pnp/dwns,/petroleum/pnp/dwns/data,/petroleum/pnp/dwns,period,monthly; annual,EIA_ROUTE_PERIOD_DUOAREA_PRODUCT_PROCESS_SERIES,DATE,catalog/eia-open-data/schemas/petroleum-pnp-dwns.schema.yaml,
eia-petroleum-pnp-feedbiofuel,eia-open-data,EIA petroleum gas survey data,dataset,panel,/petroleum/pnp/feedbiofuel,/petroleum/pnp/feedbiofuel/data,/petroleum/pnp/feedbiofuel,period,monthly,EIA_ROUTE_PERIOD_DUOAREA_PRODUCT_PROCESS_SERIES,DATE,catalog/eia-open-data/schemas/petroleum-pnp-feedbiofuel.schema.yaml,
eia-petroleum-pnp-feedng,eia-open-data,EIA petroleum gas survey data,dataset,panel,/petroleum/pnp/feedng,/petroleum/pnp/feedng/data,/petroleum/pnp/feedng,period,annual,EIA_ROUTE_PERIOD_DUOAREA_PRODUCT_PROCESS_SERIES,DATE,catalog/eia-open-data/schemas/petroleum-pnp-feedng.schema.yaml,
eia-petroleum-pnp-gp,eia-open-data,EIA petroleum gas survey data,dataset,panel,/petroleum/pnp/gp,/petroleum/pnp/gp/data,/petroleum/pnp/gp,period,monthly; annual,EIA_ROUTE_PERIOD_DUOAREA_PRODUCT_PROCESS_SERIES,DATE,catalog/eia-open-data/schemas/petroleum-pnp-gp.schema.yaml,
eia-petroleum-pnp-inpt,eia-open-data,EIA petroleum gas survey data,dataset,panel,/petroleum/pnp/inpt,/petroleum/pnp/inpt/data,/petroleum/pnp/inpt,period,monthly; annual,EIA_ROUTE_PERIOD_DUOAREA_PRODUCT_PROCESS_SERIES,DATE,catalog/eia-open-data/schemas/petroleum-pnp-inpt.schema.yaml,
eia-petroleum-pnp-inpt2,eia-open-data,EIA petroleum gas survey data,dataset,panel,/petroleum/pnp/inpt2,/petroleum/pnp/inpt2/data,/petroleum/pnp/inpt2,period,monthly; annual,EIA_ROUTE_PERIOD_DUOAREA_PRODUCT_PROCESS_SERIES,DATE,catalog/eia-open-data/schemas/petroleum-pnp-inpt2.schema.yaml,
eia-petroleum-pnp-inpt3,eia-open-data,EIA petroleum gas survey data,dataset,panel,/petroleum/pnp/inpt3,/petroleum/pnp/inpt3/data,/petroleum/pnp/inpt3,period,monthly; annual,EIA_ROUTE_PERIOD_DUOAREA_PRODUCT_PROCESS_SERIES,DATE,catalog/eia-open-data/schemas/petroleum-pnp-inpt3.schema.yaml,
eia-petroleum-pnp-oxy,eia-open-data,EIA petroleum gas survey data,dataset,panel,/petroleum/pnp/oxy,/petroleum/pnp/oxy/data,/petroleum/pnp/oxy,period,monthly; annual,EIA_ROUTE_PERIOD_DUOAREA_PRODUCT_PROCESS_SERIES,DATE,catalog/eia-open-data/schemas/petroleum-pnp-oxy.schema.yaml,
eia-petroleum-pnp-pct,eia-open-data,EIA petroleum gas survey data,dataset,panel,/petroleum/pnp/pct,/petroleum/pnp/pct/data,/petroleum/pnp/pct,period,monthly; annual,EIA_ROUTE_PERIOD_DUOAREA_PRODUCT_PROCESS_SERIES,DATE,catalog/eia-open-data/schemas/petroleum-pnp-pct.schema.yaml,
eia-petroleum-pnp-refp,eia-open-data,EIA petroleum gas survey data,dataset,panel,/petroleum/pnp/refp,/petroleum/pnp/refp/data,/petroleum/pnp/refp,period,monthly; annual,EIA_ROUTE_PERIOD_DUOAREA_PRODUCT_PROCESS_SERIES,DATE,catalog/eia-open-data/schemas/petroleum-pnp-refp.schema.yaml,
eia-petroleum-pnp-refp2,eia-open-data,EIA petroleum gas survey data,dataset,panel,/petroleum/pnp/refp2,/petroleum/pnp/refp2/data,/petroleum/pnp/refp2,period,monthly; annual,EIA_ROUTE_PERIOD_DUOAREA_PRODUCT_PROCESS_SERIES,DATE,catalog/eia-open-data/schemas/petroleum-pnp-refp2.schema.yaml,
eia-petroleum-pnp-refp3,eia-open-data,EIA petroleum gas survey data,dataset,panel,/petroleum/pnp/refp3,/petroleum/pnp/refp3/data,/petroleum/pnp/refp3,period,monthly; annual,EIA_ROUTE_PERIOD_DUOAREA_PRODUCT_PROCESS_SERIES,DATE,catalog/eia-open-data/schemas/petroleum-pnp-refp3.schema.yaml,
eia-petroleum-pnp-unc,eia-open-data,EIA petroleum gas survey data,dataset,panel,/petroleum/pnp/unc,/petroleum/pnp/unc/data,/petroleum/pnp/unc,period,monthly; annual,EIA_ROUTE_PERIOD_DUOAREA_PRODUCT_PROCESS_SERIES,DATE,catalog/eia-open-data/schemas/petroleum-pnp-unc.schema.yaml,
eia-petroleum-pnp-wiup,eia-open-data,EIA petroleum gas survey data,dataset,panel,/petroleum/pnp/wiup,/petroleum/pnp/wiup/data,/petroleum/pnp/wiup,period,weekly,EIA_ROUTE_PERIOD_DUOAREA_PRODUCT_PROCESS_SERIES,DATE,catalog/eia-open-data/schemas/petroleum-pnp-wiup.schema.yaml,
eia-petroleum-pnp-wprodb,eia-open-data,EIA petroleum gas survey data,dataset,panel,/petroleum/pnp/wprodb,/petroleum/pnp/wprodb/data,/petroleum/pnp/wprodb,period,weekly,EIA_ROUTE_PERIOD_DUOAREA_PRODUCT_PROCESS_SERIES,DATE,catalog/eia-open-data/schemas/petroleum-pnp-wprodb.schema.yaml,
eia-petroleum-pnp-wprode,eia-open-data,EIA petroleum gas survey data,dataset,panel,/petroleum/pnp/wprode,/petroleum/pnp/wprode/data,/petroleum/pnp/wprode,period,weekly,EIA_ROUTE_PERIOD_DUOAREA_PRODUCT_PROCESS_SERIES,DATE,catalog/eia-open-data/schemas/petroleum-pnp-wprode.schema.yaml,
eia-petroleum-pnp-wprodr,eia-open-data,EIA petroleum gas survey data,dataset,panel,/petroleum/pnp/wprodr,/petroleum/pnp/wprodr/data,/petroleum/pnp/wprodr,period,weekly,EIA_ROUTE_PERIOD_DUOAREA_PRODUCT_PROCESS_SERIES,DATE,catalog/eia-open-data/schemas/petroleum-pnp-wprodr.schema.yaml,
eia-petroleum-pnp-wprodrb,eia-open-data,EIA petroleum gas survey data,dataset,panel,/petroleum/pnp/wprodrb,/petroleum/pnp/wprodrb/data,/petroleum/pnp/wprodrb,period,weekly,EIA_ROUTE_PERIOD_DUOAREA_PRODUCT_PROCESS_SERIES,DATE,catalog/eia-open-data/schemas/petroleum-pnp-wprodrb.schema.yaml,
eia-petroleum-pri-allmg,eia-open-data,EIA petroleum gas survey data,dataset,panel,/petroleum/pri/allmg,/petroleum/pri/allmg/data,/petroleum/pri/allmg,period,monthly; annual,EIA_ROUTE_PERIOD_DUOAREA_PRODUCT_PROCESS_SERIES,DATE,catalog/eia-open-data/schemas/petroleum-pri-allmg.schema.yaml,
eia-petroleum-pri-dfp1,eia-open-data,EIA petroleum gas survey data,dataset,panel,/petroleum/pri/dfp1,/petroleum/pri/dfp1/data,/petroleum/pri/dfp1,period,monthly; annual,EIA_ROUTE_PERIOD_DUOAREA_PRODUCT_PROCESS_SERIES,DATE,catalog/eia-open-data/schemas/petroleum-pri-dfp1.schema.yaml,
eia-petroleum-pri-dfp2,eia-open-data,EIA petroleum gas survey data,dataset,panel,/petroleum/pri/dfp2,/petroleum/pri/dfp2/data,/petroleum/pri/dfp2,period,monthly; annual,EIA_ROUTE_PERIOD_DUOAREA_PRODUCT_PROCESS_SERIES,DATE,catalog/eia-open-data/schemas/petroleum-pri-dfp2.schema.yaml,
eia-petroleum-pri-dfp3,eia-open-data,EIA petroleum gas survey data,dataset,panel,/petroleum/pri/dfp3,/petroleum/pri/dfp3/data,/petroleum/pri/dfp3,period,monthly; annual,EIA_ROUTE_PERIOD_DUOAREA_PRODUCT_PROCESS_SERIES,DATE,catalog/eia-open-data/schemas/petroleum-pri-dfp3.schema.yaml,
eia-petroleum-pri-dist,eia-open-data,EIA petroleum gas survey data,dataset,panel,/petroleum/pri/dist,/petroleum/pri/dist/data,/petroleum/pri/dist,period,monthly; annual,EIA_ROUTE_PERIOD_DUOAREA_PRODUCT_PROCESS_SERIES,DATE,catalog/eia-open-data/schemas/petroleum-pri-dist.schema.yaml,
eia-petroleum-pri-fut,eia-open-data,EIA petroleum gas survey data,dataset,panel,/petroleum/pri/fut,/petroleum/pri/fut/data,/petroleum/pri/fut,period,monthly; weekly; annual; daily,EIA_ROUTE_PERIOD_DUOAREA_PRODUCT_PROCESS_SERIES,DATE,catalog/eia-open-data/schemas/petroleum-pri-fut.schema.yaml,
eia-petroleum-pri-gnd,eia-open-data,EIA petroleum gas survey data,dataset,panel,/petroleum/pri/gnd,/petroleum/pri/gnd/data,/petroleum/pri/gnd,period,monthly; weekly; annual,EIA_ROUTE_PERIOD_DUOAREA_PRODUCT_PROCESS_SERIES,DATE,catalog/eia-open-data/schemas/petroleum-pri-gnd.schema.yaml,
eia-petroleum-pri-imc1,eia-open-data,EIA petroleum gas survey data,dataset,panel,/petroleum/pri/imc1,/petroleum/pri/imc1/data,/petroleum/pri/imc1,period,monthly; annual,EIA_ROUTE_PERIOD_DUOAREA_PRODUCT_PROCESS_SERIES,DATE,catalog/eia-open-data/schemas/petroleum-pri-imc1.schema.yaml,
eia-petroleum-pri-imc2,eia-open-data,EIA petroleum gas survey data,dataset,panel,/petroleum/pri/imc2,/petroleum/pri/imc2/data,/petroleum/pri/imc2,period,monthly; annual,EIA_ROUTE_PERIOD_DUOAREA_PRODUCT_PROCESS_SERIES,DATE,catalog/eia-open-data/schemas/petroleum-pri-imc2.schema.yaml,
eia-petroleum-pri-imc3,eia-open-data,EIA petroleum gas survey data,dataset,panel,/petroleum/pri/imc3,/petroleum/pri/imc3/data,/petroleum/pri/imc3,period,monthly; annual,EIA_ROUTE_PERIOD_DUOAREA_PRODUCT_PROCESS_SERIES,DATE,catalog/eia-open-data/schemas/petroleum-pri-imc3.schema.yaml,
eia-petroleum-pri-ipct,eia-open-data,EIA petroleum gas survey data,dataset,panel,/petroleum/pri/ipct,/petroleum/pri/ipct/data,/petroleum/pri/ipct,period,monthly; annual,EIA_ROUTE_PERIOD_DUOAREA_PRODUCT_PROCESS_SERIES,DATE,catalog/eia-open-data/schemas/petroleum-pri-ipct.schema.yaml,
eia-petroleum-pri-land1,eia-open-data,EIA petroleum gas survey data,dataset,panel,/petroleum/pri/land1,/petroleum/pri/land1/data,/petroleum/pri/land1,period,monthly; annual,EIA_ROUTE_PERIOD_DUOAREA_PRODUCT_PROCESS_SERIES,DATE,catalog/eia-open-data/schemas/petroleum-pri-land1.schema.yaml,
eia-petroleum-pri-land2,eia-open-data,EIA petroleum gas survey data,dataset,panel,/petroleum/pri/land2,/petroleum/pri/land2/data,/petroleum/pri/land2,period,monthly; annual,EIA_ROUTE_PERIOD_DUOAREA_PRODUCT_PROCESS_SERIES,DATE,catalog/eia-open-data/schemas/petroleum-pri-land2.schema.yaml,
eia-petroleum-pri-land3,eia-open-data,EIA petroleum gas survey data,dataset,panel,/petroleum/pri/land3,/petroleum/pri/land3/data,/petroleum/pri/land3,period,monthly; annual,EIA_ROUTE_PERIOD_DUOAREA_PRODUCT_PROCESS_SERIES,DATE,catalog/eia-open-data/schemas/petroleum-pri-land3.schema.yaml,
eia-petroleum-pri-prop,eia-open-data,EIA petroleum gas survey data,dataset,panel,/petroleum/pri/prop,/petroleum/pri/prop/data,/petroleum/pri/prop,period,monthly; annual,EIA_ROUTE_PERIOD_DUOAREA_PRODUCT_PROCESS_SERIES,DATE,catalog/eia-open-data/schemas/petroleum-pri-prop.schema.yaml,
eia-petroleum-pri-rac2,eia-open-data,EIA petroleum gas survey data,dataset,panel,/petroleum/pri/rac2,/petroleum/pri/rac2/data,/petroleum/pri/rac2,period,monthly; annual,EIA_ROUTE_PERIOD_DUOAREA_PRODUCT_PROCESS_SERIES,DATE,catalog/eia-open-data/schemas/petroleum-pri-rac2.schema.yaml,
eia-petroleum-pri-refmg,eia-open-data,EIA petroleum gas survey data,dataset,panel,/petroleum/pri/refmg,/petroleum/pri/refmg/data,/petroleum/pri/refmg,period,monthly; annual,EIA_ROUTE_PERIOD_DUOAREA_PRODUCT_PROCESS_SERIES,DATE,catalog/eia-open-data/schemas/petroleum-pri-refmg.schema.yaml,
eia-petroleum-pri-refmg2,eia-open-data,EIA petroleum gas survey data,dataset,panel,/petroleum/pri/refmg2,/petroleum/pri/refmg2/data,/petroleum/pri/refmg2,period,monthly; annual,EIA_ROUTE_PERIOD_DUOAREA_PRODUCT_PROCESS_SERIES,DATE,catalog/eia-open-data/schemas/petroleum-pri-refmg2.schema.yaml,
eia-petroleum-pri-refoth,eia-open-data,EIA petroleum gas survey data,dataset,panel,/petroleum/pri/refoth,/petroleum/pri/refoth/data,/petroleum/pri/refoth,period,monthly; annual,EIA_ROUTE_PERIOD_DUOAREA_PRODUCT_PROCESS_SERIES,DATE,catalog/eia-open-data/schemas/petroleum-pri-refoth.schema.yaml,
eia-petroleum-pri-resid,eia-open-data,EIA petroleum gas survey data,dataset,panel,/petroleum/pri/resid,/petroleum/pri/resid/data,/petroleum/pri/resid,period,monthly; annual,EIA_ROUTE_PERIOD_DUOAREA_PRODUCT_PROCESS_SERIES,DATE,catalog/eia-open-data/schemas/petroleum-pri-resid.schema.yaml,
eia-petroleum-pri-spt,eia-open-data,EIA petroleum gas survey data,dataset,panel,/petroleum/pri/spt,/petroleum/pri/spt/data,/petroleum/pri/spt,period,monthly; weekly; annual; daily,EIA_ROUTE_PERIOD_DUOAREA_PRODUCT_PROCESS_SERIES,DATE,catalog/eia-open-data/schemas/petroleum-pri-spt.schema.yaml,
eia-petroleum-pri-wfr,eia-open-data,EIA petroleum gas survey data,dataset,panel,/petroleum/pri/wfr,/petroleum/pri/wfr/data,/petroleum/pri/wfr,period,monthly; weekly,EIA_ROUTE_PERIOD_DUOAREA_PRODUCT_PROCESS_SERIES,DATE,catalog/eia-open-data/schemas/petroleum-pri-wfr.schema.yaml,
eia-petroleum-spot-prices,eia-open-data,EIA Petroleum Spot Prices,dataset,time-series,/petroleum/pri/spt,/petroleum/pri/spt/data,/petroleum/pri/spt,period,daily; weekly; monthly; annual,EIA_ROUTE_PERIOD_SERIES,DATE,catalog/eia-open-data/schemas/petroleum-spot-prices.schema.yaml,oil price time series; WTI vs Brent spread analysis; commodity futures input; inflation signal construction
eia-petroleum-stoc-cu,eia-open-data,EIA petroleum gas survey data,dataset,panel,/petroleum/stoc/cu,/petroleum/stoc/cu/data,/petroleum/stoc/cu,period,monthly; annual,EIA_ROUTE_PERIOD_DUOAREA_PRODUCT_PROCESS_SERIES,DATE,catalog/eia-open-data/schemas/petroleum-stoc-cu.schema.yaml,
eia-petroleum-stoc-gp,eia-open-data,EIA petroleum gas survey data,dataset,panel,/petroleum/stoc/gp,/petroleum/stoc/gp/data,/petroleum/stoc/gp,period,monthly; annual,EIA_ROUTE_PERIOD_DUOAREA_PRODUCT_PROCESS_SERIES,DATE,catalog/eia-open-data/schemas/petroleum-stoc-gp.schema.yaml,
eia-petroleum-stoc-ref,eia-open-data,EIA petroleum gas survey data,dataset,panel,/petroleum/stoc/ref,/petroleum/stoc/ref/data,/petroleum/stoc/ref,period,monthly; annual,EIA_ROUTE_PERIOD_DUOAREA_PRODUCT_PROCESS_SERIES,DATE,catalog/eia-open-data/schemas/petroleum-stoc-ref.schema.yaml,
eia-petroleum-stoc-st,eia-open-data,EIA petroleum gas survey data,dataset,panel,/petroleum/stoc/st,/petroleum/stoc/st/data,/petroleum/stoc/st,period,monthly; annual,EIA_ROUTE_PERIOD_DUOAREA_PRODUCT_PROCESS_SERIES,DATE,catalog/eia-open-data/schemas/petroleum-stoc-st.schema.yaml,
eia-petroleum-stoc-ts,eia-open-data,EIA petroleum gas survey data,dataset,panel,/petroleum/stoc/ts,/petroleum/stoc/ts/data,/petroleum/stoc/ts,period,monthly; annual,EIA_ROUTE_PERIOD_DUOAREA_PRODUCT_PROCESS_SERIES,DATE,catalog/eia-open-data/schemas/petroleum-stoc-ts.schema.yaml,
eia-petroleum-stoc-typ,eia-open-data,EIA petroleum gas survey data,dataset,panel,/petroleum/stoc/typ,/petroleum/stoc/typ/data,/petroleum/stoc/typ,period,monthly; annual,EIA_ROUTE_PERIOD_DUOAREA_PRODUCT_PROCESS_SERIES,DATE,catalog/eia-open-data/schemas/petroleum-stoc-typ.schema.yaml,
eia-petroleum-stoc-wstk,eia-open-data,EIA petroleum gas survey data,dataset,panel,/petroleum/stoc/wstk,/petroleum/stoc/wstk/data,/petroleum/stoc/wstk,period,weekly,EIA_ROUTE_PERIOD_DUOAREA_PRODUCT_PROCESS_SERIES,DATE,catalog/eia-open-data/schemas/petroleum-stoc-wstk.schema.yaml,
eia-petroleum-sum-b100,eia-open-data,EIA petroleum gas survey data,dataset,panel,/petroleum/sum/b100,/petroleum/sum/b100/data,/petroleum/sum/b100,period,monthly; annual,EIA_ROUTE_PERIOD_DUOAREA_PRODUCT_PROCESS_SERIES,DATE,catalog/eia-open-data/schemas/petroleum-sum-b100.schema.yaml,
eia-petroleum-sum-crdsnd,eia-open-data,EIA petroleum gas survey data,dataset,panel,/petroleum/sum/crdsnd,/petroleum/sum/crdsnd/data,/petroleum/sum/crdsnd,period,monthly; annual,EIA_ROUTE_PERIOD_DUOAREA_PRODUCT_PROCESS_SERIES,DATE,catalog/eia-open-data/schemas/petroleum-sum-crdsnd.schema.yaml,
eia-petroleum-sum-mkt,eia-open-data,EIA petroleum gas survey data,dataset,panel,/petroleum/sum/mkt,/petroleum/sum/mkt/data,/petroleum/sum/mkt,period,monthly; annual,EIA_ROUTE_PERIOD_DUOAREA_PRODUCT_PROCESS_SERIES,DATE,catalog/eia-open-data/schemas/petroleum-sum-mkt.schema.yaml,
eia-petroleum-sum-snd,eia-open-data,EIA petroleum gas survey data,dataset,panel,/petroleum/sum/snd,/petroleum/sum/snd/data,/petroleum/sum/snd,period,monthly; annual,EIA_ROUTE_PERIOD_DUOAREA_PRODUCT_PROCESS_SERIES,DATE,catalog/eia-open-data/schemas/petroleum-sum-snd.schema.yaml,
eia-petroleum-sum-sndw,eia-open-data,EIA petroleum gas survey data,dataset,panel,/petroleum/sum/sndw,/petroleum/sum/sndw/data,/petroleum/sum/sndw,period,weekly,EIA_ROUTE_PERIOD_DUOAREA_PRODUCT_PROCESS_SERIES,DATE,catalog/eia-open-data/schemas/petroleum-sum-sndw.schema.yaml,
eia-seds,eia-open-data,EIA State Energy Data System (SEDS),dataset,panel,/seds,/seds/data,/seds,period,annual,EIA_ROUTE_PERIOD_SERIESID_STATEID,DATE,catalog/eia-open-data/schemas/seds.schema.yaml,
eia-steo,eia-open-data,EIA Short-Term Energy Outlook (STEO),dataset,time-series,/steo,/steo/data,/steo,period,monthly; quarterly; annual,EIA_ROUTE_PERIOD_SERIES,DATE,catalog/eia-open-data/schemas/steo.schema.yaml,forward energy price expectations; US oil/gas/coal production forecasts; energy macro scenario construction; benchmark for private forecasts
eia-total-energy,eia-open-data,EIA Total Energy,dataset,time-series,/total-energy,/total-energy/data,/total-energy,period,annual; monthly,EIA_ROUTE_PERIOD_MSN,DATE,catalog/eia-open-data/schemas/total-energy.schema.yaml,
